Date,Open Price,High Price,Low Price,Close Price,WAP,No.of Shares,No. of Trades,Total Turnover (Rs.),Deliverable Quantity,% Deli. Qty to Traded Qty,Spread High-Low,Spread Close-Open
20-June-2022,568.00,568.00,555.00,560.59,558.637820512820512820,1248,68,697180.00,944,75.64,13.00,-7.41
17-June-2022,558.00,559.90,554.00,557.57,556.795914864400961208,5826,200,3243893.00,4460,76.55,5.90,-0.43
16-June-2022,572.00,574.84,557.45,559.74,562.590105240316805902,9217,199,5185393.00,7144,77.51,17.39,-12.26
15-June-2022,584.00,584.00,569.11,570.65,571.793423957244103636,8607,106,4921426.00,4274,49.66,14.89,-13.35
14-June-2022,579.00,579.00,568.31,571.77,572.940026075619295958,2301,101,1318335.00,1949,84.70,10.69,-7.23
13-June-2022,587.00,587.00,570.35,574.39,573.707819506726457399,7136,185,4093979.00,5702,79.90,16.65,-12.61
10-June-2022,598.00,598.00,587.00,589.22,590.221892025755324418,2019,88,1191658.00,2013,99.70,11.00,-8.78
9-June-2022,594.10,597.99,589.00,597.99,593.558421851289833080,659,44,391155.00,555,84.22,8.99,3.89
8-June-2022,597.90,599.19,592.35,595.86,596.666000000000000000,500,120,298333.00,399,79.80,6.84,-2.04
7-June-2022,600.10,600.10,594.10,597.90,597.450722733245729303,1522,64,909320.00,1021,67.08,6.00,-2.20
6-June-2022,600.10,603.23,595.10,602.80,600.134759759759759759,2664,67,1598759.00,2480,93.09,8.13,2.70
3-June-2022,603.00,609.56,601.00,602.66,605.730257320319432120,1127,166,682658.00,801,71.07,8.56,-0.34
2-June-2022,608.00,608.00,597.11,601.01,601.047852760736196319,815,32,489854.00,514,63.07,10.89,-6.99
1-June-2022,603.00,607.98,595.44,598.57,600.438709677419354838,775,70,465340.00,591,76.26,12.54,-4.43
31-May-2022,600.10,603.00,596.00,598.81,600.179415855354659248,719,55,431529.00,548,76.22,7.00,-1.29
30-May-2022,592.00,603.99,592.00,603.15,599.668971477960242005,1157,117,693817.00,524,45.29,11.99,11.15
27-May-2022,585.00,591.50,585.00,589.96,589.637647058823529411,425,45,250596.00,391,92.00,6.50,4.96
26-May-2022,584.00,584.29,577.50,584.29,579.658402203856749311,726,32,420832.00,614,84.57,6.79,0.29
25-May-2022,587.00,587.61,579.42,580.51,584.346533384595668332,7803,107,4559656.00,6411,82.16,8.19,-6.49
24-May-2022,594.40,594.40,581.11,582.60,583.565333333333333333,1125,98,656511.00,956,84.98,13.29,-11.80
23-May-2022,584.90,590.98,580.85,587.70,587.934782608695652173,3082,73,1812015.00,2851,92.50,10.13,2.80
20-May-2022,588.00,588.00,575.10,581.87,580.837438423645320197,406,57,235820.00,336,82.76,12.90,-6.13
19-May-2022,583.10,583.50,570.39,573.60,574.915711286936864201,6193,132,3560453.00,5822,94.01,13.11,-9.50
18-May-2022,587.00,592.00,583.60,586.79,588.221233312142403051,1573,50,925272.00,1528,97.14,8.40,-0.21
17-May-2022,577.00,586.69,577.00,586.24,580.987786259541984732,655,50,380547.00,534,81.53,9.69,9.24
16-May-2022,560.00,577.95,560.00,573.99,574.810665068903535050,1669,166,959359.00,1362,81.61,17.95,13.99
13-May-2022,584.34,584.34,569.36,571.48,575.836048006858122588,4666,223,2686851.00,2365,50.69,14.98,-12.86
12-May-2022,589.00,589.00,570.55,573.76,573.948762775685852608,7436,252,4267883.00,6433,86.51,18.45,-15.24
11-May-2022,588.00,589.99,577.30,584.25,582.432050990211700432,4393,125,2558624.00,2944,67.02,12.69,-3.75
10-May-2022,590.00,591.90,585.20,586.86,588.624525698516729906,5798,137,3412845.00,2647,45.65,6.70,-3.14
9-May-2022,594.80,594.80,583.00,589.94,587.455075508464255267,65688,156,38588749.00,63726,97.01,11.80,-4.86
6-May-2022,600.00,600.00,589.00,592.08,590.560848784892500739,64233,144,37933495.00,63381,98.67,11.00,-7.92
5-May-2022,622.00,622.00,600.00,602.94,608.812260950030845157,64840,191,39475387.00,62860,96.95,22.00,-19.06
4-May-2022,610.00,620.59,599.99,602.08,607.082203041512535963,2433,114,1477031.00,2344,96.34,20.60,-7.92
2-May-2022,613.00,614.49,605.10,612.00,612.565799256505576208,1345,100,823901.00,1253,93.16,9.39,-1.00
29-April-2022,621.00,622.99,610.84,615.38,621.544747081712062256,257,34,159737.00,245,95.33,12.15,-5.62
28-April-2022,614.90,620.05,612.35,616.00,616.590691307323750855,1461,82,900839.00,1031,70.57,7.70,1.10
27-April-2022,615.10,615.10,609.19,612.90,611.094537815126050420,1428,34,872643.00,1303,91.25,5.91,-2.20
26-April-2022,617.85,618.49,614.50,615.91,616.700956937799043062,418,26,257781.00,236,56.46,3.99,-1.94
25-April-2022,616.10,616.10,604.97,610.21,609.996844003606853020,2218,119,1352973.00,2143,96.62,11.13,-5.89
22-April-2022,620.00,621.60,613.60,619.17,618.044444444444444444,270,52,166872.00,235,87.04,8.00,-0.83
21-April-2022,619.00,624.00,613.10,622.26,620.920227920227920227,702,86,435886.00,618,88.03,10.90,3.26
20-April-2022,614.75,616.74,612.80,616.73,615.888440860215053763,744,18,458221.00,714,95.97,3.94,1.98
19-April-2022,628.00,628.00,609.00,612.36,613.932014205986808726,1971,58,1210060.00,1373,69.66,19.00,-15.64
18-April-2022,628.00,628.00,612.11,616.49,618.414900185223296974,9718,280,6009756.00,5030,51.76,15.89,-11.51
13-April-2022,635.00,636.99,625.22,630.23,631.488562091503267973,612,63,386471.00,587,95.92,11.77,-4.77
12-April-2022,644.00,644.00,627.10,634.00,633.865157480314960629,1016,90,644007.00,825,81.20,16.90,-10.00
11-April-2022,637.00,639.80,633.00,636.00,638.210144927536231884,276,32,176146.00,272,98.55,6.80,-1.00
8-April-2022,636.00,640.99,633.27,637.17,635.981432360742705570,754,48,479530.00,487,64.59,7.72,1.17
7-April-2022,631.00,639.99,631.00,636.81,635.312458800263678312,1517,63,963769.00,1345,88.66,8.99,5.81
6-April-2022,664.00,664.00,638.00,640.99,638.452638547991215605,61928,91,39538095.00,60310,97.39,26.00,-23.01
5-April-2022,649.00,652.00,645.00,645.32,646.816728261201551571,65482,202,42354853.00,61556,94.00,7.00,-3.68
4-April-2022,640.00,653.00,635.00,650.33,649.277449822904368358,1694,115,1099876.00,771,45.51,18.00,10.33
1-April-2022,633.00,635.77,626.01,635.16,634.200869565217391304,1150,83,729331.00,1045,90.87,9.76,2.16
31-March-2022,640.00,640.00,628.10,633.00,633.020038167938931297,1048,74,663405.00,736,70.23,11.90,-7.00
30-March-2022,623.10,633.90,620.10,631.50,625.921713441654357459,1354,84,847498.00,845,62.41,13.80,8.40
29-March-2022,622.03,624.90,621.00,622.82,623.254437869822485207,338,68,210660.00,285,84.32,3.90,0.79
28-March-2022,619.49,624.00,613.85,619.45,616.547193090684762492,1621,83,999423.00,1510,93.15,10.15,-0.04
25-March-2022,621.00,621.60,615.50,618.49,618.218487394957983193,238,39,147136.00,197,82.77,6.10,-2.51
24-March-2022,620.10,623.95,617.22,620.99,621.628081457663451232,933,62,579979.00,783,83.92,6.73,0.89
23-March-2022,623.44,625.89,617.59,620.10,622.666666666666666666,747,59,465132.00,553,74.03,8.30,-3.34
22-March-2022,616.00,623.44,613.10,623.35,617.024242424242424242,3465,43,2137989.00,2570,74.17,10.34,7.35
21-March-2022,630.00,635.00,613.05,615.44,617.054104477611940298,5896,377,3638151.00,4632,78.56,21.95,-14.56
17-March-2022,613.10,624.80,613.00,623.13,620.310864393338620142,5044,81,3128848.00,4261,84.48,11.80,10.03
16-March-2022,606.00,613.70,606.00,613.66,612.650704225352112676,1065,40,652473.00,793,74.46,7.70,7.66
15-March-2022,606.77,610.26,599.35,601.09,606.253794266441821247,3558,57,2157051.00,3444,96.80,10.91,-5.68
14-March-2022,601.00,607.66,598.10,606.77,601.583522297808012093,1323,43,795895.00,1008,76.19,9.56,5.77
11-March-2022,599.90,601.99,593.00,597.00,598.610372340425531914,1504,55,900310.00,730,48.54,8.99,-2.90
10-March-2022,600.00,605.95,595.50,595.50,603.685263796240145542,1649,57,995477.00,1535,93.09,10.45,-4.50
9-March-2022,579.90,593.61,579.90,586.99,586.374063400576368876,1735,77,1017359.00,1105,63.69,13.71,7.09
8-March-2022,579.09,579.90,565.10,576.51,572.341434846266471449,3415,153,1954546.00,2275,66.62,14.80,-2.58
7-March-2022,588.06,589.88,570.00,571.80,577.839583333333333333,8640,486,4992534.00,6303,72.95,19.88,-16.26
4-March-2022,593.00,593.75,582.11,588.06,588.077678313600924054,10389,384,6109539.00,8009,77.09,11.64,-4.94
3-March-2022,601.04,602.00,593.00,596.51,598.455801104972375690,1810,74,1083205.00,1260,69.61,9.00,-4.53
2-March-2022,590.00,616.00,590.00,597.90,599.001447178002894356,6910,268,4139100.00,5143,74.43,26.00,7.90
28-February-2022,600.00,609.90,594.00,605.58,599.391167991890265150,63134,225,37841962.00,,,15.90,5.58
25-February-2022,619.00,619.90,599.00,604.11,603.322931701098808482,94921,159,57268016.00,64782,68.25,20.90,-14.89
24-February-2022,616.10,622.90,593.10,615.27,601.213667320789564815,8663,369,5208314.00,7327,84.58,29.80,-0.83
23-February-2022,616.10,623.99,616.10,619.00,619.554806070826306913,593,28,367396.00,480,80.94,7.89,2.90
22-February-2022,690.66,690.66,610.00,617.94,620.635278514588859416,2262,84,1403877.00,1515,66.98,80.66,-72.72
21-February-2022,621.06,626.89,618.95,622.35,622.050434782608695652,6325,60,3934469.00,6111,96.62,7.94,1.29
18-February-2022,621.00,624.55,617.00,621.06,621.522727272727272727,44,25,27347.00,32,72.73,7.55,0.06
17-February-2022,625.00,627.25,622.35,624.70,624.398496240601503759,1330,31,830450.00,313,23.53,4.90,-0.30
16-February-2022,626.00,629.40,622.00,627.00,625.300558659217877094,3580,75,2238576.00,1754,48.99,7.40,1.00
15-February-2022,609.49,626.99,606.01,626.93,613.444076104887743719,63649,123,39045102.00,61698,96.93,20.98,17.44
14-February-2022,614.00,616.99,605.00,609.96,614.119773210489014883,2822,226,1733046.00,2432,86.18,11.99,-4.04
11-February-2022,634.99,634.99,625.00,627.86,627.602601156069364161,692,67,434301.00,625,90.32,9.99,-7.13
10-February-2022,631.60,634.99,631.55,634.99,633.930555555555555555,504,26,319501.00,499,99.01,3.44,3.39
9-February-2022,623.15,629.89,623.15,629.89,627.142857142857142857,98,19,61460.00,86,87.76,6.74,6.74
8-February-2022,663.00,711.90,617.00,619.65,623.030438675022381378,1117,43,695925.00,1073,96.06,94.90,-43.35
7-February-2022,633.00,633.00,619.00,622.82,626.712979890310786106,1094,75,685624.00,984,89.95,14.00,-10.18
4-February-2022,699.80,699.80,626.10,630.60,633.417249417249417249,858,64,543472.00,816,95.10,73.70,-69.20
3-February-2022,663.00,692.00,632.00,635.28,637.644805571677307022,1723,110,1098662.00,1240,71.97,60.00,-27.72
2-February-2022,655.00,655.00,634.90,642.30,639.164278892072588347,1047,74,669205.00,640,61.13,20.10,-12.70
1-February-2022,629.90,636.95,629.90,633.82,634.991404011461318051,349,63,221612.00,218,62.46,7.05,3.92
31-January-2022,627.00,627.99,620.00,626.51,624.514785973240558599,61511,62,38414529.00,61360,99.75,7.99,-0.49
28-January-2022,620.00,628.00,614.55,615.63,623.383347218661881568,62416,148,38909095.00,60818,97.44,13.45,-4.37
27-January-2022,623.04,623.04,608.00,619.09,612.430542218808014851,62484,136,38267110.00,61958,99.16,15.04,-3.95
25-January-2022,619.00,622.00,611.00,621.21,615.685969778117827084,83648,102,51500900.00,65416,78.20,11.00,2.21
24-January-2022,632.64,632.64,616.00,619.47,621.438782489740082079,5848,290,3634174.00,5071,86.71,16.64,-13.17
21-January-2022,636.00,636.00,632.00,636.00,635.007003891050583657,1285,27,815984.00,1002,77.98,4.00,0.00
20-January-2022,644.10,645.74,633.00,637.11,639.533653846153846153,1248,93,798138.00,1018,81.57,12.74,-6.99
19-January-2022,650.99,650.99,642.04,645.95,648.459381044487427466,1034,45,670507.00,997,96.42,8.95,-5.04
18-January-2022,656.00,656.00,648.05,648.38,652.491658248385220558,65334,89,42629890.00,60016,91.86,7.95,-7.62
17-January-2022,657.90,658.00,654.00,655.34,654.495409662824873683,60562,61,39637551.00,60066,99.18,4.00,-2.56
14-January-2022,652.00,657.99,650.00,655.23,652.466646049172723055,64670,100,42195018.00,60198,93.08,7.99,3.23
13-January-2022,654.10,657.00,652.10,654.79,653.402100303396475732,115031,78,75161497.00,110138,95.75,4.90,0.69
12-January-2022,649.90,654.79,649.90,654.74,651.840206785352150135,60159,38,39214055.00,60085,99.88,4.89,4.84
11-January-2022,647.99,649.40,644.16,647.01,645.459431259212640156,60379,49,38972195.00,60153,99.63,5.24,-0.98
10-January-2022,649.60,649.60,640.20,644.90,643.317857142857142857,280,33,180129.00,208,74.29,9.40,-4.70
7-January-2022,641.00,643.99,638.00,639.98,640.403080390683696468,2662,50,1704753.00,2393,89.89,5.99,-1.02
6-January-2022,641.00,641.00,633.50,639.31,634.303033599602150871,64346,317,40814863.00,61684,95.86,7.50,-1.69
5-January-2022,639.90,644.90,637.25,642.51,641.670650730411686586,753,60,483178.00,530,70.39,7.65,2.61
4-January-2022,634.90,638.98,634.90,638.98,637.752508361204013377,299,32,190688.00,224,74.92,4.08,4.08
3-January-2022,628.50,633.99,628.10,631.96,630.596491228070175438,1197,75,754824.00,976,81.54,5.89,3.46
31-December-2021,624.00,627.98,622.02,626.78,624.310055865921787709,358,28,223503.00,340,94.97,5.96,2.78
30-December-2021,621.49,621.98,619.00,621.40,621.380000000000000000,100,18,62138.00,60,60.00,2.98,-0.09
29-December-2021,621.00,622.75,616.10,618.04,621.364902506963788300,1436,39,892280.00,1241,86.42,6.65,-2.96
28-December-2021,605.00,620.99,605.00,620.34,613.386133333333333333,1875,68,1150099.00,1311,69.92,15.99,15.34
27-December-2021,608.00,608.24,601.01,607.50,604.683060109289617486,915,55,553285.00,860,93.99,7.23,-0.50
24-December-2021,603.00,610.00,601.01,604.92,605.034322488380407579,2797,235,1692281.00,2542,90.88,8.99,1.92
23-December-2021,614.00,619.39,599.50,601.27,605.950120192307692307,4992,274,3024903.00,3805,76.22,19.89,-12.73
22-December-2021,612.00,620.05,609.96,613.00,612.914738124238733252,2463,57,1509609.00,1669,67.76,10.09,1.00
21-December-2021,607.00,617.00,607.00,608.00,609.701346588048015853,61563,86,37535044.00,60972,99.04,10.00,1.00
20-December-2021,620.00,620.00,602.50,606.73,604.936346929180972461,70193,336,42462297.00,66533,94.79,17.50,-13.27
17-December-2021,621.00,625.00,616.10,623.60,621.909163987138263665,1244,67,773655.00,894,71.86,8.90,2.60
16-December-2021,625.21,627.00,621.00,624.00,624.884615384615384615,442,87,276199.00,431,97.51,6.00,-1.21
15-December-2021,620.10,626.00,620.00,625.00,625.188172043010752688,186,35,116285.00,178,95.70,6.00,4.90
14-December-2021,635.00,635.00,625.00,626.00,627.832627118644067796,472,51,296337.00,389,82.42,10.00,-9.00
13-December-2021,631.50,637.97,630.50,635.09,634.188640973630831643,493,57,312655.00,366,74.24,7.47,3.59
10-December-2021,633.99,633.99,629.00,631.43,632.940366972477064220,218,28,137981.00,138,63.30,4.99,-2.56
9-December-2021,631.49,634.95,629.99,632.68,631.409448818897637795,127,21,80189.00,75,59.06,4.96,1.19
8-December-2021,624.90,631.45,624.90,629.73,629.854875283446712018,441,28,277766.00,429,97.28,6.55,4.83
7-December-2021,621.00,624.00,616.50,621.42,620.584969949363494392,63393,120,39340743.00,63191,99.68,7.50,0.42
6-December-2021,626.00,626.00,616.10,619.96,622.540182648401826484,2190,88,1363363.00,1866,85.21,9.90,-6.04
3-December-2021,644.90,649.80,624.00,625.53,631.396717249922576649,3229,152,2038780.00,2837,87.86,25.80,-19.37
2-December-2021,630.00,650.00,628.00,641.92,631.250432466569647711,72838,293,45979019.00,70816,97.22,22.00,11.92
1-December-2021,624.00,638.93,619.00,628.64,621.619577042876943024,67099,247,41710052.00,65007,96.88,19.93,4.64
30-November-2021,622.00,626.50,619.00,623.09,624.818775869373920411,61366,95,38342629.00,60792,99.06,7.50,1.09
29-November-2021,624.00,635.60,610.11,619.59,617.820243389863643028,61383,125,37923660.00,60797,99.05,25.49,-4.41
26-November-2021,631.00,631.00,619.00,621.76,621.650166171068742347,5717,177,3553974.00,5196,90.89,12.00,-9.24
25-November-2021,633.00,635.00,625.10,630.11,629.492768013768907423,60426,200,38037730.00,60360,99.89,9.90,-2.89
24-November-2021,634.66,636.00,627.00,630.28,634.093832771982603577,61162,118,38782447.00,61139,99.96,9.00,-4.38
23-November-2021,633.00,635.00,616.10,634.66,627.052064915382672392,63344,152,39719986.00,62593,98.81,18.90,1.66
22-November-2021,643.00,649.90,629.90,633.00,636.806546370121695342,2383,138,1517510.00,2150,90.22,20.00,-10.00
18-November-2021,647.05,648.00,639.50,644.00,644.286561264822134387,1012,71,652018.00,976,96.44,8.50,-3.05
17-November-2021,693.28,693.28,647.00,647.31,649.852557673019057171,997,29,647903.00,967,96.99,46.28,-45.97
16-November-2021,652.00,652.99,646.60,648.24,650.462235649546827794,662,48,430606.00,428,64.65,6.39,-3.76
15-November-2021,645.00,654.60,645.00,653.85,646.509005481597494126,1277,62,825592.00,1139,89.19,9.60,8.85
12-November-2021,648.00,650.99,641.70,646.78,645.683962264150943396,212,45,136885.00,172,81.13,9.29,-1.22
11-November-2021,640.90,652.00,633.53,645.00,643.770270270270270270,518,59,333473.00,479,92.47,18.47,4.10
10-November-2021,655.64,655.64,645.01,649.24,647.716157205240174672,229,37,148327.00,217,94.76,10.63,-6.40
9-November-2021,649.00,651.00,645.20,650.00,649.896511627906976744,860,43,558911.00,729,84.77,5.80,1.00
8-November-2021,653.00,653.90,643.11,652.00,648.898044692737430167,1432,94,929222.00,1168,81.56,10.79,-1.00
4-November-2021,650.00,664.85,650.00,653.48,658.375000000000000000,296,45,194879.00,227,76.69,14.85,3.48
3-November-2021,650.00,651.00,644.65,646.49,647.187256176853055916,769,43,497687.00,554,72.04,6.35,-3.51
2-November-2021,651.00,654.00,646.05,649.17,650.636188642925890279,1039,39,676011.00,874,84.12,7.95,-1.83
1-November-2021,659.56,659.56,639.85,651.16,645.089934762348555452,2146,118,1384363.00,1742,81.17,19.71,-8.40
29-October-2021,652.00,655.00,646.77,650.00,649.423023578363384188,721,30,468234.00,718,99.58,8.23,-2.00
28-October-2021,661.00,661.00,652.19,655.00,656.833948339483394833,1084,81,712008.00,1041,96.03,8.81,-6.00
27-October-2021,663.00,669.90,655.84,663.00,664.148325358851674641,418,41,277614.00,265,63.40,14.06,0.00
26-October-2021,658.00,664.00,655.82,660.00,659.915625000000000000,320,30,211173.00,294,91.88,8.18,2.00
25-October-2021,672.95,672.95,653.00,656.34,653.168241965973534971,1058,27,691052.00,1014,95.84,19.95,-16.61
22-October-2021,659.00,662.99,656.05,658.00,661.225175918686473807,1279,24,845707.00,1026,80.22,6.94,-1.00
21-October-2021,661.00,661.00,650.10,654.89,657.055954088952654232,697,60,457968.00,655,93.97,10.90,-6.11
20-October-2021,662.91,664.99,655.10,661.14,660.507660878447395301,979,106,646637.00,875,89.38,9.89,-1.77
19-October-2021,664.40,669.85,661.86,665.10,666.926412614980289093,761,44,507531.00,599,78.71,7.99,0.70
18-October-2021,654.00,664.40,653.11,664.40,662.381995133819951338,411,88,272239.00,378,91.97,11.29,10.40
14-October-2021,655.00,657.00,649.10,651.01,654.328467153284671532,274,40,179286.00,245,89.42,7.90,-3.99
13-October-2021,644.00,652.40,644.00,651.63,648.561959654178674351,347,35,225051.00,233,67.15,8.40,7.63
12-October-2021,650.40,650.40,641.05,641.05,645.980793854033290653,781,46,504511.00,769,98.46,9.35,-9.35
11-October-2021,646.10,650.40,645.00,649.77,647.922345483359746434,1893,90,1226517.00,1797,94.93,5.40,3.67
8-October-2021,645.00,646.39,643.27,645.74,645.603174603174603174,126,27,81346.00,118,93.65,3.12,0.74
7-October-2021,641.00,643.00,640.05,643.00,642.151079136690647482,278,23,178518.00,238,85.61,2.95,2.00
6-October-2021,643.00,643.95,635.90,638.99,641.029411764705882352,442,29,283335.00,426,96.38,8.05,-4.01
5-October-2021,638.00,644.45,635.12,639.70,639.185915492957746478,355,40,226911.00,306,86.20,9.33,1.70
4-October-2021,638.00,642.00,638.00,641.39,640.271857923497267759,732,38,468679.00,627,85.66,4.00,3.39
1-October-2021,645.00,645.00,630.10,633.67,635.004687500000000000,640,74,406403.00,581,90.78,14.90,-11.33
30-September-2021,639.40,640.00,634.10,639.00,638.150427350427350427,585,35,373318.00,549,93.85,5.90,-0.40
29-September-2021,638.00,645.00,635.30,639.40,638.702531645569620253,474,47,302745.00,379,79.96,9.70,1.40
28-September-2021,647.00,647.00,633.58,641.46,641.384199134199134199,924,95,592639.00,692,74.89,13.42,-5.54
27-September-2021,655.27,655.27,635.33,645.29,641.135278514588859416,2639,51,1691956.00,2159,81.81,19.94,-9.98
24-September-2021,640.69,646.00,640.20,642.00,644.620689655172413793,435,33,280410.00,398,91.49,5.80,1.31
23-September-2021,638.00,641.00,633.01,640.99,639.313725490196078431,612,36,391260.00,485,79.25,7.99,2.99
22-September-2021,638.00,638.00,632.54,636.00,636.082601054481546572,1138,36,723862.00,1106,97.19,5.46,-2.00
21-September-2021,630.00,641.90,630.00,634.03,634.235514018691588785,1070,63,678632.00,880,82.24,11.90,4.03
20-September-2021,641.90,644.00,637.93,641.11,642.454932576295244854,1409,46,905219.00,1406,99.79,6.07,-0.79
17-September-2021,635.00,642.79,631.02,634.40,639.626072041166380789,583,37,372902.00,389,66.72,11.77,-0.60
16-September-2021,633.90,644.90,624.00,633.29,632.650980392156862745,255,52,161326.00,187,73.33,20.90,-0.61
15-September-2021,609.94,632.00,609.94,632.00,629.084622383985441310,1099,48,691364.00,850,77.34,22.06,22.06
14-September-2021,630.00,630.00,626.01,628.80,628.881670533642691415,431,30,271048.00,369,85.61,3.99,-1.20
13-September-2021,630.00,630.00,624.11,625.13,628.351706036745406824,1524,84,957608.00,1517,99.54,5.89,-4.87
9-September-2021,630.00,630.00,626.00,629.90,629.792717086834733893,357,25,224836.00,352,98.60,4.00,-0.10
8-September-2021,628.00,629.00,624.12,628.70,628.500517063081695966,967,51,607760.00,714,73.84,4.88,0.70
7-September-2021,629.90,629.90,621.50,629.70,627.105981112277019937,953,60,597632.00,734,77.02,8.40,-0.20
6-September-2021,623.98,629.90,614.00,626.96,624.927570093457943925,428,71,267469.00,311,72.66,15.90,2.98
3-September-2021,616.70,623.99,615.00,619.00,620.484276729559748427,159,24,98657.00,98,61.64,8.99,2.30
2-September-2021,620.00,630.00,611.41,617.21,617.451923076923076923,416,44,256860.00,380,91.35,18.59,-2.79
1-September-2021,613.00,621.68,611.46,618.00,619.482625482625482625,259,38,160446.00,207,79.92,10.22,5.00
31-August-2021,611.00,612.99,608.24,611.00,611.167630057803468208,173,22,105732.00,172,99.42,4.75,0.00
30-August-2021,605.10,614.77,605.00,610.77,610.414057063326374391,1437,71,877165.00,911,63.40,9.77,5.67
27-August-2021,608.00,617.00,602.10,609.56,607.505376344086021505,372,47,225992.00,312,83.87,14.90,1.56
26-August-2021,608.00,618.01,605.70,607.68,609.910256410256410256,390,67,237865.00,324,83.08,12.31,-0.32
25-August-2021,610.00,610.00,597.15,609.76,607.256916996047430830,759,52,460908.00,600,79.05,12.85,-0.24
24-August-2021,608.00,610.00,600.55,610.00,607.538557213930348258,804,33,488461.00,697,86.69,9.45,2.00
23-August-2021,605.00,610.50,600.10,604.25,606.889322916666666666,768,103,466091.00,578,75.26,10.40,-0.75
20-August-2021,620.00,668.56,597.10,610.49,615.442945145203872103,3409,451,2098045.00,2146,62.95,71.46,-9.51
18-August-2021,597.00,622.99,593.10,617.69,605.196803196803196803,1001,72,605802.00,715,71.43,29.89,20.69
17-August-2021,596.17,604.83,585.10,594.47,596.461538461538461538,1001,106,597058.00,869,86.81,19.73,-1.70
16-August-2021,590.00,704.80,588.00,596.15,644.856476338591424127,4501,769,2902499.00,3416,75.89,116.80,6.15
13-August-2021,585.00,593.16,585.00,589.20,587.857723577235772357,246,35,144613.00,193,78.46,8.16,4.20
12-August-2021,584.00,588.50,583.00,584.66,587.090395480225988700,177,37,103915.00,143,80.79,5.50,0.66
11-August-2021,587.00,589.00,582.00,586.14,585.738095238095238095,336,50,196808.00,300,89.29,7.00,-0.86
10-August-2021,598.35,598.35,577.94,583.03,581.802460202604920405,1382,86,804051.00,1269,91.82,20.41,-15.32
9-August-2021,575.00,590.00,575.00,586.62,586.456424079065588499,1113,84,652726.00,1074,96.50,15.00,11.62
6-August-2021,599.95,599.95,577.10,582.67,583.880952380952380952,42,16,24523.00,36,85.71,22.85,-17.28
5-August-2021,580.00,584.96,577.00,578.27,580.773584905660377358,265,33,153905.00,234,88.30,7.96,-1.73
4-August-2021,574.98,579.70,574.98,576.05,575.859977641140301844,3578,86,2060427.00,2682,74.96,4.72,1.07
3-August-2021,571.90,575.89,566.55,574.98,571.015625000000000000,1088,43,621265.00,673,61.86,9.34,3.08
2-August-2021,571.34,576.64,565.30,569.79,571.036067193675889328,2024,109,1155777.00,1213,59.93,11.34,-1.55
30-July-2021,570.00,571.90,566.75,567.30,568.000000000000000000,98,21,55664.00,73,74.49,5.15,-2.70
29-July-2021,568.00,568.00,563.50,564.75,565.936241610738255033,298,15,168649.00,296,99.33,4.50,-3.25
28-July-2021,570.00,570.00,563.00,565.15,565.137847642079806529,827,77,467369.00,647,78.23,7.00,-4.85
27-July-2021,572.00,572.00,566.00,569.92,569.337016574585635359,181,40,103050.00,129,71.27,6.00,-2.08
26-July-2021,571.00,572.00,565.00,571.95,570.995098039215686274,816,54,465932.00,532,65.20,7.00,0.95
23-July-2021,567.30,569.81,563.84,569.36,567.424947145877378435,473,22,268392.00,411,86.89,5.97,2.06
22-July-2021,565.00,568.89,563.05,565.85,567.027932960893854748,358,34,202996.00,249,69.55,5.84,0.85
20-July-2021,564.00,567.98,559.65,561.90,563.081916537867078825,1294,69,728628.00,942,72.80,8.33,-2.10
19-July-2021,569.00,570.42,560.10,565.98,566.564543889845094664,581,61,329174.00,375,64.54,10.32,-3.02
16-July-2021,576.70,576.70,563.69,568.17,566.241706161137440758,422,27,238954.00,409,96.92,13.01,-8.53
15-July-2021,567.00,568.41,561.70,565.35,564.782608695652173913,598,48,337740.00,502,83.95,6.71,-1.65
14-July-2021,566.00,568.50,563.12,566.50,565.527559055118110236,127,35,71822.00,121,95.28,5.38,0.50
13-July-2021,562.00,565.00,560.29,561.65,562.239583333333333333,192,21,107950.00,144,75.00,4.71,-0.35
12-July-2021,567.00,569.90,560.00,560.29,564.827858081471747700,761,48,429834.00,733,96.32,9.90,-6.71
9-July-2021,569.99,569.99,562.00,563.36,564.377574370709382151,437,65,246633.00,355,81.24,7.99,-6.63
8-July-2021,572.40,572.40,563.51,567.74,567.962921348314606741,890,53,505487.00,834,93.71,8.89,-4.66
7-July-2021,572.00,575.90,565.00,571.44,568.920159680638722554,501,51,285029.00,399,79.64,10.90,-0.56
6-July-2021,566.00,571.25,564.00,571.25,569.129568106312292358,301,35,171308.00,189,62.79,7.25,5.25
5-July-2021,564.40,572.70,560.00,568.86,568.606596942880128720,1243,107,706778.00,766,61.63,12.70,4.46
2-July-2021,562.96,564.40,557.01,564.37,562.054901960784313725,255,28,143324.00,153,60.00,7.39,1.41
1-July-2021,562.71,568.00,560.90,561.77,562.184357541899441340,537,49,301893.00,450,83.80,7.10,-0.94
30-June-2021,565.00,568.31,560.86,562.13,563.452480573819485953,1673,57,942656.00,1632,97.55,7.45,-2.87
29-June-2021,566.30,566.30,562.00,562.90,563.325775656324582338,838,15,472067.00,819,97.73,4.30,-3.40
28-June-2021,569.00,572.00,562.75,562.98,567.423476968796433878,673,46,381876.00,571,84.84,9.25,-6.02
25-June-2021,567.40,570.00,563.16,565.04,568.327414772727272727,1408,70,800205.00,1224,86.93,6.84,-2.36
24-June-2021,563.00,567.39,563.00,567.39,566.846815834767641996,581,27,329338.00,525,90.36,4.39,4.39
23-June-2021,567.60,579.90,564.54,568.35,570.420765027322404371,1098,53,626322.00,819,74.59,15.36,0.75
22-June-2021,565.90,568.00,561.01,567.55,565.515894641235240690,1101,53,622633.00,835,75.84,6.99,1.65
21-June-2021,556.00,564.49,556.00,561.98,560.831896551724137931,696,82,390339.00,458,65.80,8.49,5.98
